run,architecture,commitment_id,deposit_amount_eth,submit_block,deposit_block,claim_block,blocks_to_unlock,deposit_gas,claim_gas
0,ZK,28,0.2419,448,449,454,4,70467,66282
0,Optimistic,25,0.1611,455,456,466,9,70467,81403
1,ZK,29,0.4110,467,468,473,4,70467,66282
1,Optimistic,26,0.2004,474,475,485,9,70467,81403
2,ZK,30,0.4992,486,487,492,4,70467,66282
2,Optimistic,27,0.4371,493,494,504,9,70467,81403
3,ZK,31,0.3544,505,506,511,4,70467,66282
3,Optimistic,28,0.0403,512,513,523,9,70467,81403
4,ZK,32,0.4959,524,525,530,4,70467,66282
4,Optimistic,29,0.1988,531,532,542,9,70467,81403
5,ZK,33,0.2232,543,544,549,4,70467,66282
5,Optimistic,30,0.4499,550,551,561,9,70467,81403
6,ZK,34,0.3842,562,563,568,4,70467,66282
6,Optimistic,31,0.4085,569,570,580,9,70467,81403
7,ZK,35,0.0675,581,582,587,4,70467,66282
7,Optimistic,32,0.1106,588,589,599,9,70467,81403
8,ZK,36,0.3288,600,601,606,4,70467,66282
8,Optimistic,33,0.2396,607,608,618,9,70467,81403
9,ZK,37,0.0141,619,620,625,4,70467,66282
9,Optimistic,34,0.1108,626,627,637,9,70467,81403
10,ZK,38,0.2103,638,639,644,4,70467,66282
10,Optimistic,35,0.1972,645,646,656,9,70467,81403
11,ZK,39,0.3813,657,658,663,4,70467,66282
11,Optimistic,36,0.2006,664,665,675,9,70467,81403
12,ZK,40,0.0788,676,677,682,4,70467,66282
12,Optimistic,37,0.3801,683,684,694,9,70467,81403
13,ZK,41,0.2525,695,696,701,4,70467,66282
13,Optimistic,38,0.3854,702,703,713,9,70467,81403
14,ZK,42,0.2301,714,715,720,4,70467,66282
14,Optimistic,39,0.0749,721,722,732,9,70467,81403
15,ZK,43,0.0422,733,734,739,4,70467,66282
15,Optimistic,40,0.1330,740,741,751,9,70467,81403
16,ZK,44,0.2441,752,753,758,4,70467,66282
16,Optimistic,41,0.4039,759,760,770,9,70467,81403
17,ZK,45,0.4149,771,772,777,4,70467,66282
17,Optimistic,42,0.0322,778,779,789,9,70467,81403
18,ZK,46,0.4341,790,791,796,4,70467,66282
18,Optimistic,43,0.0969,797,798,808,9,70467,81403
19,ZK,47,0.2413,809,810,815,4,70467,66282
19,Optimistic,44,0.3508,816,817,827,9,70467,81403
20,ZK,48,0.1531,828,829,834,4,70467,66282
20,Optimistic,45,0.0767,835,836,846,9,70467,81403
21,ZK,49,0.4725,847,848,853,4,70467,66282
21,Optimistic,46,0.4047,854,855,865,9,70467,81403
22,ZK,50,0.1832,866,867,872,4,70467,66282
22,Optimistic,47,0.2859,873,874,884,9,70467,81403
23,ZK,51,0.4403,885,886,891,4,70467,66282
23,Optimistic,48,0.1278,892,893,903,9,70467,81403
24,ZK,52,0.1675,904,905,910,4,70467,66282
24,Optimistic,49,0.1722,911,912,922,9,70467,81403
25,ZK,53,0.2003,923,924,929,4,70467,66282
25,Optimistic,50,0.4373,930,931,941,9,70467,81403
26,ZK,54,0.2155,942,943,948,4,70467,66282
26,Optimistic,51,0.2102,949,950,960,9,70467,81403
27,ZK,55,0.0774,961,962,967,4,70467,66282
27,Optimistic,52,0.4039,968,969,979,9,70467,81403
28,ZK,56,0.1275,980,981,986,4,70467,66282
28,Optimistic,53,0.4946,987,988,998,9,70467,81403
29,ZK,57,0.0640,999,1000,1005,4,70467,66282
29,Optimistic,54,0.1835,1006,1007,1017,9,70467,81403
30,ZK,58,0.3370,1018,1019,1024,4,70467,66282
30,Optimistic,55,0.2134,1025,1026,1036,9,70467,81403
31,ZK,59,0.3551,1037,1038,1043,4,70467,66282
31,Optimistic,56,0.4913,1044,1045,1055,9,70467,81403
32,ZK,60,0.0514,1056,1057,1062,4,70467,66282
32,Optimistic,57,0.0763,1063,1064,1074,9,70467,81403
33,ZK,61,0.1119,1075,1076,1081,4,70467,66282
33,Optimistic,58,0.1246,1082,1083,1093,9,70467,81403
34,ZK,62,0.1000,1094,1095,1100,4,70467,66282
34,Optimistic,59,0.4976,1101,1102,1112,9,70467,81403
35,ZK,63,0.4455,1113,1114,1119,4,70467,66282
35,Optimistic,60,0.4841,1120,1121,1131,9,70467,81403
36,ZK,64,0.0546,1132,1133,1138,4,70467,66282
36,Optimistic,61,0.1876,1139,1140,1150,9,70467,81403
37,ZK,65,0.4523,1151,1152,1157,4,70467,66282
37,Optimistic,62,0.4012,1158,1159,1169,9,70467,81403
38,ZK,66,0.4791,1170,1171,1176,4,70467,66282
38,Optimistic,63,0.4570,1177,1178,1188,9,70467,81403
39,ZK,67,0.3145,1189,1190,1195,4,70467,66282
39,Optimistic,64,0.0307,1196,1197,1207,9,70467,81403
40,ZK,68,0.4022,1208,1209,1214,4,70467,66282
40,Optimistic,65,0.1209,1215,1216,1226,9,70467,81403
41,ZK,69,0.0903,1227,1228,1233,4,70467,66282
41,Optimistic,66,0.1488,1234,1235,1245,9,70467,81403
42,ZK,70,0.1618,1246,1247,1252,4,70467,66282
42,Optimistic,67,0.4052,1253,1254,1264,9,70467,81403
43,ZK,71,0.4197,1265,1266,1271,4,70467,66282
43,Optimistic,68,0.3902,1272,1273,1283,9,70467,81403
44,ZK,72,0.4072,1284,1285,1290,4,70467,66282
44,Optimistic,69,0.3590,1291,1292,1302,9,70467,81403
45,ZK,73,0.4171,1303,1304,1309,4,70467,66282
45,Optimistic,70,0.3883,1310,1311,1321,9,70467,81403
46,ZK,74,0.1453,1322,1323,1328,4,70467,66282
46,Optimistic,71,0.1331,1329,1330,1340,9,70467,81403
47,ZK,75,0.2912,1341,1342,1347,4,70467,66282
47,Optimistic,72,0.0788,1348,1349,1359,9,70467,81403
48,ZK,76,0.0744,1360,1361,1366,4,70467,66282
48,Optimistic,73,0.0137,1367,1368,1378,9,70467,81403
49,ZK,77,0.3066,1379,1380,1385,4,70467,66282
49,Optimistic,74,0.2027,1386,1387,1397,9,70467,81403
50,ZK,78,0.1443,1398,1399,1404,4,70467,66282
50,Optimistic,75,0.2169,1405,1406,1416,9,70467,81403
51,ZK,79,0.0260,1417,1418,1423,4,70467,66282
51,Optimistic,76,0.3267,1424,1425,1435,9,70467,81403
52,ZK,80,0.3294,1436,1437,1442,4,70467,66282
52,Optimistic,77,0.4499,1443,1444,1454,9,70467,81403
53,ZK,81,0.0616,1455,1456,1461,4,70467,66282
53,Optimistic,78,0.1357,1462,1463,1473,9,70467,81403
54,ZK,82,0.0112,1474,1475,1480,4,70467,66282
54,Optimistic,79,0.4650,1481,1482,1492,9,70467,81403
55,ZK,83,0.2733,1493,1494,1499,4,70467,66282
55,Optimistic,80,0.2445,1500,1501,1511,9,70467,81403
56,ZK,84,0.3312,1512,1513,1518,4,70467,66282
56,Optimistic,81,0.4443,1519,1520,1530,9,70467,81403
57,ZK,85,0.3287,1531,1532,1537,4,70467,66282
57,Optimistic,82,0.4192,1538,1539,1549,9,70467,81403
58,ZK,86,0.1271,1550,1551,1556,4,70467,66282
58,Optimistic,83,0.4906,1557,1558,1568,9,70467,81403
59,ZK,87,0.0689,1569,1570,1575,4,70467,66282
59,Optimistic,84,0.2001,1576,1577,1587,9,70467,81403
60,ZK,88,0.2246,1588,1589,1594,4,70467,66282
60,Optimistic,85,0.2632,1595,1596,1606,9,70467,81403
61,ZK,89,0.4852,1607,1608,1613,4,70467,66282
61,Optimistic,86,0.0608,1614,1615,1625,9,70467,81403
62,ZK,90,0.3930,1626,1627,1632,4,70467,66282
62,Optimistic,87,0.1776,1633,1634,1644,9,70467,81403
63,ZK,91,0.2077,1645,1646,1651,4,70467,66282
63,Optimistic,88,0.2606,1652,1653,1663,9,70467,81403
64,ZK,92,0.4273,1664,1665,1670,4,70467,66282
64,Optimistic,89,0.0100,1671,1672,1682,9,70467,81403
65,ZK,93,0.2194,1683,1684,1689,4,70467,66282
65,Optimistic,90,0.4913,1690,1691,1701,9,70467,81403
66,ZK,94,0.1750,1702,1703,1708,4,70467,66282
66,Optimistic,91,0.4657,1709,1710,1720,9,70467,81403
67,ZK,95,0.2590,1721,1722,1727,4,70467,66282
67,Optimistic,92,0.1678,1728,1729,1739,9,70467,81403
68,ZK,96,0.3459,1740,1741,1746,4,70467,66282
68,Optimistic,93,0.1033,1747,1748,1758,9,70467,81403
69,ZK,97,0.1814,1759,1760,1765,4,70467,66282
69,Optimistic,94,0.1082,1766,1767,1777,9,70467,81403
70,ZK,98,0.4087,1778,1779,1784,4,70467,66282
70,Optimistic,95,0.2516,1785,1786,1796,9,70467,81403
71,ZK,99,0.2488,1797,1798,1803,4,70467,66282
71,Optimistic,96,0.4047,1804,1805,1815,9,70467,81403
72,ZK,100,0.1190,1816,1817,1822,4,70467,66282
72,Optimistic,97,0.4043,1823,1824,1834,9,70467,81403
73,ZK,101,0.4874,1835,1836,1841,4,70467,66282
73,Optimistic,98,0.1602,1842,1843,1853,9,70467,81403
74,ZK,102,0.4800,1854,1855,1860,4,70467,66282
74,Optimistic,99,0.0212,1861,1862,1872,9,70467,81403
75,ZK,103,0.4004,1873,1874,1879,4,70467,66282
75,Optimistic,100,0.4564,1880,1881,1891,9,70467,81403
76,ZK,104,0.3908,1892,1893,1898,4,70467,66282
76,Optimistic,101,0.2636,1899,1900,1910,9,70467,81403
77,ZK,105,0.2019,1911,1912,1917,4,70467,66282
77,Optimistic,102,0.2528,1918,1919,1929,9,70467,81403
78,ZK,106,0.3939,1930,1931,1936,4,70467,66282
78,Optimistic,103,0.4682,1937,1938,1948,9,70467,81403
79,ZK,107,0.2156,1949,1950,1955,4,70467,66282
79,Optimistic,104,0.4061,1956,1957,1967,9,70467,81403
80,ZK,108,0.1410,1968,1969,1974,4,70467,66282
80,Optimistic,105,0.1546,1975,1976,1986,9,70467,81403
81,ZK,109,0.0586,1987,1988,1993,4,70467,66282
81,Optimistic,106,0.2727,1994,1995,2005,9,70467,81403
82,ZK,110,0.0616,2006,2007,2012,4,70467,66282
82,Optimistic,107,0.2425,2013,2014,2024,9,70467,81403
83,ZK,111,0.1256,2025,2026,2031,4,70467,66282
83,Optimistic,108,0.0762,2032,2033,2043,9,70467,81403
84,ZK,112,0.1716,2044,2045,2050,4,70467,66282
84,Optimistic,109,0.1655,2051,2052,2062,9,70467,81403
85,ZK,113,0.3315,2063,2064,2069,4,70467,66282
85,Optimistic,110,0.4144,2070,2071,2081,9,70467,81403
86,ZK,114,0.0772,2082,2083,2088,4,70467,66282
86,Optimistic,111,0.3849,2089,2090,2100,9,70467,81403
87,ZK,115,0.2298,2101,2102,2107,4,70467,66282
87,Optimistic,112,0.3789,2108,2109,2119,9,70467,81403
88,ZK,116,0.3611,2120,2121,2126,4,70467,66282
88,Optimistic,113,0.4547,2127,2128,2138,9,70467,81403
89,ZK,117,0.3550,2139,2140,2145,4,70467,66282
89,Optimistic,114,0.4199,2146,2147,2157,9,70467,81403
90,ZK,118,0.2568,2158,2159,2164,4,70467,66282
90,Optimistic,115,0.4227,2165,2166,2176,9,70467,81403
91,ZK,119,0.3505,2177,2178,2183,4,70467,66282
91,Optimistic,116,0.2605,2184,2185,2195,9,70467,81403
92,ZK,120,0.2738,2196,2197,2202,4,70467,66282
92,Optimistic,117,0.3812,2203,2204,2214,9,70467,81403
93,ZK,121,0.2204,2215,2216,2221,4,70467,66282
93,Optimistic,118,0.1989,2222,2223,2233,9,70467,81403
94,ZK,122,0.1502,2234,2235,2240,4,70467,66282
94,Optimistic,119,0.2945,2241,2242,2252,9,70467,81403
95,ZK,123,0.3751,2253,2254,2259,4,70467,66282
95,Optimistic,120,0.2525,2260,2261,2271,9,70467,81403
96,ZK,124,0.3559,2272,2273,2278,4,70467,66282
96,Optimistic,121,0.0113,2279,2280,2290,9,70467,81403
97,ZK,125,0.2760,2291,2292,2297,4,70467,66282
97,Optimistic,122,0.1306,2298,2299,2309,9,70467,81403
98,ZK,126,0.1941,2310,2311,2316,4,70467,66282
98,Optimistic,123,0.0503,2317,2318,2328,9,70467,81403
99,ZK,127,0.4744,2329,2330,2335,4,70467,66282
99,Optimistic,124,0.2307,2336,2337,2347,9,70467,81403
